feature,coefficient
Intercept,4.270711297071131
%MISSPELLED,0.02350298120245052
AVG_WLEN,0.10364156439606724
LOGTYPES,0.3050580488927921
LOGWORDS,0.3403243377277674
