feature,standardized,relative
%MISSPELLED,0.030658940835542943,0.030423510459290263
AVG_WLEN,0.13519734213933832,0.13415916011932127
LOGTYPES,0.3979391632000762,0.3948833835689267
LOGWORDS,0.44394298941970245,0.44053394585246175
