feature,coefficient
Intercept,4.270711297071131
%MISSPELLED,0.027158882300462293
AVG_WLEN,0.11976306429480069
LOGTYPES,0.35250998898063957
LOGWORDS,0.39326196760807164
