,%MISSPELLED,AVG_WLEN,LOGTYPES,LOGWORDS
All data,0.1735895614089516,0.2606659371441564,0.8464074525079016,0.8368528677246418
