,mean,std. dev.,min,max,skewness,kurtosis,Correlation,p,N
%MISSPELLED,0.03204156882976547,0.02258161331295405,0.0,0.2666666666666666,2.5554435860538915,17.314719628437786,-0.19072989868836848,2.9808776822043106e-11,1195
AVG_WLEN,4.330922141784153,0.25218041340069824,3.5774647887323945,5.159217877094972,0.27506881596726374,3.210305266341193,0.2606659371441564,5.175978771779692e-20,1195
LOGTYPES,2.1871170094044188,0.14764770540665484,1.2552725051033058,2.5224442335063197,-1.5062333885204349,8.125360252846944,0.8468389087256953,0.0,1195
LOGWORDS,2.579830783793576,0.18178687389066897,1.3424226808222062,2.942504106168081,-1.8503529545667181,10.047470869026348,0.8360255539944363,2.87605378156e-313,1195
