,%MISSPELLED,AVG_WLEN,LOGTYPES,LOGWORDS
All data,0.05885001427238324,0.24522921868903574,0.24608504167681922,0.2737378520777016
