N responses,N features,R2,R2_adjusted
1195,4,0.7488970511604852,0.7480530076349743
