,N,h_mean,h_sd,h_min,h_max,sys_mean,sys_sd,sys_min,sys_max,corr,wtkappa,R2,kappa,exact_agr,adj_agr,SMD,RMSE
raw,288,4.274305555555555,0.699252615225243,2.5,6.0,4.284498252813812,0.5580599025013678,2.7815277445855866,5.683748042566886,0.7960898768922676,0.7761603785701527,0.633541912945812,0.4254364089775562,0.0,96.52777777777779,0.014576559366850816,0.4225625054822497
raw_trim,288,4.274305555555555,0.699252615225243,2.5,6.0,4.284498252813812,0.5580599025013678,2.7815277445855866,5.683748042566886,0.7960898768922676,0.7761603785701527,0.633541912945812,0.4254364089775562,0.0,96.52777777777779,0.014576559366850816,0.4225625054822497
raw_trim_round,288,4.274305555555555,0.699252615225243,2.5,6.0,4.267361111111111,0.6202539505888381,3.0,6.0,0.7140210995777945,0.7088814422997036,0.4797971050352591,0.4254364089775562,53.81944444444444,98.95833333333334,-0.009931238429773623,0.5034602488997738
scale,288,4.274305555555555,0.699252615225243,2.5,6.0,4.286642821037039,0.6448664140982189,2.5498844590901557,5.90354665215137,0.7960898768922678,0.7933534951674198,0.6175373048080888,0.39738968303293976,0.0,96.52777777777779,0.017643502809795614,0.4316913478162174
scale_trim,288,4.274305555555555,0.699252615225243,2.5,6.0,4.286642821037039,0.6448664140982189,2.5498844590901557,5.90354665215137,0.7960898768922678,0.7933534951674198,0.6175373048080888,0.39738968303293976,0.0,96.52777777777779,0.017643502809795614,0.4316913478162174
scale_trim_round,288,4.274305555555555,0.699252615225243,2.5,6.0,4.309027777777778,0.676887032653777,3.0,6.0,0.6926224005880313,0.6913734595463474,0.4014103674378324,0.39738968303293976,50.69444444444444,98.61111111111111,0.04965619214886685,0.5400617248673217
