feature,transform,sign,train_mean,train_sd,train_transformed_mean,train_transformed_sd
%MISSPELLED,raw,-1.0,0.03204156882976547,0.02258161331295405,0.03176374845503931,0.02090048688947904
AVG_WLEN,raw,1.0,4.330922141784153,0.25218041340069824,4.330922141784153,0.25218041340069824
LOGTYPES,raw,1.0,2.1871170094044188,0.14764770540665484,2.1882041583834564,0.14225659088226497
LOGWORDS,raw,1.0,2.579830783793576,0.18178687389066897,2.581694387290067,0.17225351455965976
