,score,human,sys_raw,difference
2.0,2.0,0.3472222222222222,0.0,-0.3472222222222222
3.0,3.0,7.638888888888889,8.680555555555555,1.041666666666666
4.0,4.0,68.40277777777779,56.59722222222222,-11.805555555555564
5.0,5.0,14.583333333333334,34.02777777777778,19.444444444444443
6.0,6.0,9.027777777777777,0.6944444444444444,-8.333333333333332
