,%MISSPELLED,AVG_WLEN,LOGTYPES,LOGWORDS,sc1
%MISSPELLED,1.0,0.018104610749315245,0.12986126693125796,0.2000392922996478,0.17358956140895151
AVG_WLEN,0.018104610749315245,1.0,0.20501577348721703,0.09760199508347543,0.26066593714415615
LOGTYPES,0.12986126693125796,0.20501577348721703,1.0,0.9387901209585875,0.8464074525079016
LOGWORDS,0.2000392922996478,0.09760199508347543,0.9387901209585875,1.0,0.8368528677246418
sc1,0.17358956140895151,0.26066593714415615,0.8464074525079016,0.8368528677246418,1.0
