,%MISSPELLED,AVG_WLEN,LOGTYPES,LOGWORDS,sc1
%MISSPELLED,1.0,-0.023705967465296678,-0.15220180853998563,-0.21256680432794442,-0.19072989868836845
AVG_WLEN,-0.023705967465296678,1.0,0.1977983968752293,0.09117121833778294,0.2606659371441553
LOGTYPES,-0.15220180853998563,0.1977983968752293,1.0,0.9431599639538232,0.8468389087256954
LOGWORDS,-0.21256680432794442,0.09117121833778294,0.9431599639538232,1.0,0.8360255539944367
sc1,-0.19072989868836845,0.2606659371441553,0.8468389087256954,0.8360255539944367,1.0
