trim_min,trim_max,trim_tolerance,h1_mean,h1_sd,train_predictions_mean,train_predictions_sd
1.0,6.0,0.4998,4.27071129707113,0.7665946885941828,4.270711297071131,0.6634021369730964
