,N,h_mean,h_sd,sys_mean.raw_trim,sys_sd.raw_trim,wtkappa.raw_trim,corr.raw_trim,SMD.raw_trim,RMSE.raw_trim,R2.raw_trim,sys_mean.raw_trim_round,sys_sd.raw_trim_round,kappa.raw_trim_round,exact_agr.raw_trim_round,adj_agr.raw_trim_round,SMD.raw_trim_round
0,288,4.274305555555555,0.699252615225243,4.284498252813812,0.5580599025013678,0.7761603785701527,0.7960898768922676,0.014576559366850816,0.4225625054822497,0.633541912945812,4.267361111111111,0.6202539505888381,0.4254364089775562,53.81944444444444,98.95833333333334,-0.009931238429773623
