N responses,N features,R2,R2_adjusted
1195,22,0.6391861778611332,0.6324132221554548
