,N,h_mean,h_sd,h_min,h_max,sys_mean,sys_sd,sys_min,sys_max,corr,wtkappa,R2,kappa,exact_agr,adj_agr,SMD,RMSE
raw,300,4.246666666666667,0.9391995928125999,1.0,6.0,4.219880410946967,0.7136651872296783,1.3096178086326673,5.825355374280374,0.8424866365896211,0.8112682009895607,0.7021413207478266,0.519388124235586,0.0,94.33333333333334,-0.028520301674624732,0.5117265994991744
raw_trim,300,4.246666666666667,0.9391995928125999,1.0,6.0,4.219880410946967,0.7136651872296783,1.3096178086326673,5.825355374280374,0.8424866365896211,0.8112682009895607,0.7021413207478266,0.519388124235586,0.0,94.33333333333334,-0.028520301674624732,0.5117265994991744
raw_trim_round,300,4.246666666666667,0.9391995928125999,1.0,6.0,4.213333333333333,0.7852031811413339,1.0,6.0,0.7991487642494108,0.7859181731684116,0.6360143572114656,0.519388124235586,69.0,99.66666666666667,-0.03549121356996282,0.565685424949238
scale,300,4.246666666666667,0.9391995928125999,1.0,6.0,4.210595119925613,0.8926492096436363,0.5704517329465464,6.218715990561538,0.8424866365896209,0.8407455058496783,0.6966506364083899,0.5118792648304029,0.0,95.0,-0.03840668907556838,0.516421609032587
scale_trim,300,4.246666666666667,0.9391995928125999,1.0,6.0,4.210595119925613,0.8926492096436363,0.5704517329465464,6.218715990561538,0.8424866365896209,0.8407455058496783,0.6966506364083899,0.5118792648304029,0.0,95.0,-0.03840668907556838,0.516421609032587
scale_trim_round,300,4.246666666666667,0.9391995928125999,1.0,6.0,4.19,0.8999628383260572,1.0,6.0,0.8029971342669238,0.8007417929292918,0.6170567716495627,0.5118792648304029,67.33333333333333,99.66666666666667,-0.06033506306893538,0.5802298395176404
