,score,human,sys_raw,difference
1.0,1.0,1.0,0.6666666666666667,-0.33333333333333326
2.0,2.0,3.0,2.666666666666667,-0.33333333333333304
3.0,3.0,12.0,9.0,-3.0
4.0,4.0,46.0,51.33333333333333,5.333333333333329
5.0,5.0,30.333333333333336,35.0,4.666666666666664
6.0,6.0,7.666666666666666,1.3333333333333335,-6.333333333333332
