,N,h_mean,h_sd,sys_mean.raw_trim,sys_sd.raw_trim,wtkappa.raw_trim,corr.raw_trim,SMD.raw_trim,RMSE.raw_trim,R2.raw_trim,sys_mean.raw_trim_round,sys_sd.raw_trim_round,kappa.raw_trim_round,exact_agr.raw_trim_round,adj_agr.raw_trim_round,SMD.raw_trim_round
0,300,4.246666666666667,0.9391995928125999,4.219880410946967,0.7136651872296783,0.8112682009895607,0.8424866365896211,-0.028520301674624732,0.5117265994991744,0.7021413207478266,4.213333333333333,0.7852031811413339,0.519388124235586,69.0,99.66666666666667,-0.03549121356996282
