,N,N raters,N single,N multiple,Variance of errors,True score var,MSE true,PRMSE true
raw,300,2,0,300,0.185,0.6168952062430324,0.06476794141180024,0.8950098156764016
scale,300,2,0,300,0.185,0.6168952062430324,0.08635260006590141,0.8600206336635369
raw_trim,300,2,0,300,0.185,0.6168952062430324,0.06476794141180024,0.8950098156764016
raw_trim_round,300,2,0,300,0.185,0.6168952062430324,0.13666666666666666,0.7784604819690796
scale_trim,300,2,0,300,0.185,0.6168952062430324,0.08635260006590141,0.8600206336635369
scale_trim_round,300,2,0,300,0.185,0.6168952062430324,0.16,0.7406366618174589
