,N,h_mean,h_sd,h_min,h_max,sys_mean,sys_sd,sys_min,sys_max,corr,wtkappa,R2,kappa,exact_agr,adj_agr,SMD,RMSE
raw,300,4.246666666666667,0.9391995928125999,1.0,6.0,4.218825682612594,0.7067299905743732,1.2372987504143458,5.694454125028492,0.8367098769971886,0.803528269453246,0.6921072753032746,0.4805914332213719,0.0,93.66666666666667,-0.02964330933183056,0.5202745423641861
raw_trim,300,4.246666666666667,0.9391995928125999,1.0,6.0,4.218825682612594,0.7067299905743732,1.2372987504143458,5.694454125028492,0.8367098769971886,0.803528269453246,0.6921072753032746,0.4805914332213719,0.0,93.66666666666667,-0.02964330933183056,0.5202745423641861
raw_trim_round,300,4.246666666666667,0.9391995928125999,1.0,6.0,4.216666666666667,0.7692168337645188,1.0,6.0,0.7822096557502553,0.7664045963108536,0.6094737374248016,0.4805914332213719,66.66666666666666,99.66666666666667,-0.03194209221296607,0.5859465277082315
scale,300,4.246666666666667,0.9391995928125999,1.0,6.0,4.208938228200651,0.890241344049842,0.4532202328686763,6.0677322024408875,0.8367098769971886,0.8348003297084284,0.6861072248617579,0.49565704679181843,0.0,93.66666666666667,-0.040170842017756225,0.5253195000297783
scale_trim,300,4.246666666666667,0.9391995928125999,1.0,6.0,4.209094827424423,0.8895823674857171,0.5002,6.0677322024408875,0.8367191201913017,0.8347816600335405,0.6862936464547418,0.5005768913795946,0.0,93.66666666666667,-0.04000410512288324,0.525163482672195
scale_trim_round,300,4.246666666666667,0.9391995928125999,1.0,6.0,4.193333333333333,0.9374887587583204,1.0,6.0,0.8041036408936459,0.802801233756386,0.605682220312421,0.5005768913795946,66.33333333333333,99.66666666666667,-0.05678594171193957,0.5887840577551898
