,mean,std. dev.,min,max,skewness,kurtosis,Correlation,p,N
%FUNC,0.5079442087523037,0.03846003078863566,0.391304347826087,0.6296296296296297,0.07129530515045054,2.9277667137218746,-0.10802954489093278,0.00018292894339650545,1195
%MISSPELLED,0.03204156882976547,0.02258161331295405,0.0,0.2666666666666666,2.5554435860538915,17.314719628437786,-0.19505813875653866,1.0368320056956532e-11,1195
AVG_WLEN,4.330922141784153,0.25218041340069824,3.5774647887323945,5.159217877094972,0.27506881596726374,3.210305266341193,0.24421094819646347,1.097611550844192e-17,1195
LOGTYPES,2.1871170094044188,0.14764770540665484,1.2552725051033058,2.5224442335063197,-1.5062333885204349,8.125360252846944,0.7709260780109607,5.666343752637279e-236,1195
LOGWORDS,2.579830783793576,0.18178687389066897,1.3424226808222062,2.942504106168081,-1.8503529545667181,10.047470869026348,0.7658851689031885,4.534936255671229e-231,1195
