,%FUNC,%MISSPELLED,AVG_WLEN,LOGTYPES,LOGWORDS
All data,-0.10802954489093279,-0.18023634205977518,0.2442109481964635,0.7703947622846588,0.766833745105456
