feature,coefficient
Intercept,4.256903765690379
%FUNC,0.05342526408318617
%MISSPELLED,-0.0348401494890328
AVG_WLEN,0.1478242385879789
LOGTYPES,0.2833051181225238
LOGWORDS,0.35125619850030215
