,N,h_mean,h_sd,sys_mean.raw_trim,sys_sd.raw_trim,wtkappa.raw_trim,corr.raw_trim,SMD.raw_trim,RMSE.raw_trim,R2.raw_trim,sys_mean.raw_trim_round,sys_sd.raw_trim_round,kappa.raw_trim_round,exact_agr.raw_trim_round,adj_agr.raw_trim_round,SMD.raw_trim_round
0,300,4.246666666666667,0.9391995928125999,4.218825682612594,0.7067299905743732,0.803528269453246,0.8367098769971886,-0.02964330933183056,0.5202745423641861,0.6921072753032746,4.216666666666667,0.7692168337645188,0.4805914332213719,66.66666666666666,99.66666666666667,-0.03194209221296607
