N responses,N features,R2,R2_adjusted
1195,5,0.6302190450086492,0.6286640367874914
