feature,coefficient
Intercept,4.256903765690379
%FUNC,0.06729780756152622
%MISSPELLED,-0.04388683361633848
AVG_WLEN,0.18620866610847178
LOGTYPES,0.35686886434325354
LOGWORDS,0.44246429956171446
