,PC1,PC2,PC3,PC4
%MISSPELLED,-0.21819815376109392,-0.6443118417356882,0.7310549998368209,-0.0530132389880227
AVG_WLEN,-0.20100658753072365,0.7585589730584273,0.614459733524933,0.08138717367168816
LOGTYPES,-0.6768593061965724,0.05919128988264659,-0.20102559865708983,-0.7056532997879917
LOGWORDS,-0.6736819702794467,-0.07711631600211333,-0.21814337435414524,0.7018683245111234
