trim_min,trim_max,trim_tolerance,h1_mean,h1_sd,train_predictions_mean,train_predictions_sd
1.0,6.0,0.4998,4.256903765690376,0.8318062443169294,4.2528631001281,0.6665939404937304
