,N,N raters,N single,N multiple,Variance of errors,True score var,MSE true,PRMSE true
raw,288,2,0,288,0.1736111111111111,0.4021486643437862,0.09232827314742272,0.7704125828738455
scale,288,2,0,288,0.1736111111111111,0.4021486643437862,0.11454400812682779,0.715169989899787
raw_trim,288,2,0,288,0.1736111111111111,0.4021486643437862,0.09232827314742272,0.7704125828738455
raw_trim_round,288,2,0,288,0.1736111111111111,0.4021486643437862,0.1527777777777778,0.6200962695547532
scale_trim,288,2,0,288,0.1736111111111111,0.4021486643437862,0.11454400812682779,0.715169989899787
scale_trim_round,288,2,0,288,0.1736111111111111,0.4021486643437862,0.2326388888888889,0.4215102286401924
