,N,h_mean,h_sd,sys_mean.raw_trim,sys_sd.raw_trim,wtkappa.raw_trim,corr.raw_trim,SMD.raw_trim,RMSE.raw_trim,R2.raw_trim,sys_mean.raw_trim_round,sys_sd.raw_trim_round,kappa.raw_trim_round,exact_agr.raw_trim_round,adj_agr.raw_trim_round,SMD.raw_trim_round
0,288,4.291666666666667,0.7775150266874196,4.270733149491771,0.5655442990423271,0.6931481123726658,0.7289084922820521,-0.026923617494677574,0.531784034484634,0.5305778288885692,4.256944444444445,0.61623254330283,0.4283141652682847,66.31944444444444,99.65277777777779,-0.0446579436157721
