,score,human,sys_raw,difference
2.0,2.0,0.3472222222222222,0.0,-0.3472222222222222
3.0,3.0,11.458333333333332,8.680555555555555,-2.777777777777777
4.0,4.0,54.166666666666664,57.638888888888886,3.4722222222222214
5.0,5.0,26.73611111111111,32.98611111111111,6.2499999999999964
6.0,6.0,7.291666666666667,0.6944444444444444,-6.597222222222222
