,N,h_mean,h_sd,h_min,h_max,sys_mean,sys_sd,sys_min,sys_max,corr,wtkappa,R2,kappa,exact_agr,adj_agr,SMD,RMSE
raw,288,4.291666666666667,0.7775150266874196,2.0,6.0,4.270733149491771,0.5655442990423271,2.759749047660697,5.6113656690601745,0.7289084922820521,0.6931481123726658,0.5305778288885692,0.4283141652682847,0.0,93.05555555555556,-0.026923617494677574,0.531784034484634
raw_trim,288,4.291666666666667,0.7775150266874196,2.0,6.0,4.270733149491771,0.5655442990423271,2.759749047660697,5.6113656690601745,0.7289084922820521,0.6931481123726658,0.5305778288885692,0.4283141652682847,0.0,93.05555555555556,-0.026923617494677574,0.531784034484634
raw_trim_round,288,4.291666666666667,0.7775150266874196,2.0,6.0,4.256944444444445,0.61623254330283,3.0,6.0,0.6647985505241545,0.6464348850913411,0.42363112391930835,0.4283141652682847,66.31944444444444,99.65277777777779,-0.0446579436157721,0.5892556509887896
scale,288,4.291666666666667,0.7775150266874196,2.0,6.0,4.279202826248808,0.705711904660905,2.393728124759955,5.952105073583029,0.7289084922820521,0.7253974724424997,0.49910101631614434,0.3459584295612008,0.0,93.75,-0.016030353099361988,0.5493239963972795
scale_trim,288,4.291666666666667,0.7775150266874196,2.0,6.0,4.279202826248808,0.705711904660905,2.393728124759955,5.952105073583029,0.7289084922820521,0.7253974724424997,0.49910101631614434,0.3459584295612008,0.0,93.75,-0.016030353099361988,0.5493239963972795
scale_trim_round,288,4.291666666666667,0.7775150266874196,2.0,6.0,4.3125,0.7648073702500847,2.0,6.0,0.6196374009596777,0.6193265007320642,0.2507204610951008,0.3459584295612008,59.02777777777778,98.61111111111111,0.026794766169462803,0.6718548123582124
