,N,h_mean,h_sd,sys_mean.raw_trim,sys_sd.raw_trim,wtkappa.raw_trim,corr.raw_trim,SMD.raw_trim,RMSE.raw_trim,R2.raw_trim,sys_mean.raw_trim_round,sys_sd.raw_trim_round,kappa.raw_trim_round,exact_agr.raw_trim_round,adj_agr.raw_trim_round,SMD.raw_trim_round
0,300,4.246666666666667,0.9391995928125999,4.221583660537908,0.7028191028171591,0.8053873065354183,0.8398600274439652,-0.026706789824773806,0.516746255617734,0.6962691175554148,4.213333333333333,0.7723193290617316,0.5088747199724282,68.33333333333333,99.66666666666667,-0.03549121356996282
