,N,N raters,N single,N multiple,Variance of errors,True score var,MSE true,PRMSE true
raw,300,2,0,300,0.185,0.6168952062430324,0.06731937670918796,0.8908738858271064
scale,300,2,0,300,0.185,0.6168952062430324,0.08685390681869717,0.8592080049581708
raw_trim,300,2,0,300,0.185,0.6168952062430324,0.06731937670918796,0.8908738858271064
raw_trim_round,300,2,0,300,0.185,0.6168952062430324,0.13666666666666666,0.7784604819690796
scale_trim,300,2,0,300,0.185,0.6168952062430324,0.08685390681869717,0.8592080049581708
scale_trim_round,300,2,0,300,0.185,0.6168952062430324,0.17,0.7244264531810501
