,N,h_mean,h_sd,h_min,h_max,sys_mean,sys_sd,sys_min,sys_max,corr,wtkappa,R2,kappa,exact_agr,adj_agr,SMD,RMSE
raw,300,4.246666666666667,0.9391995928125999,1.0,6.0,4.221583660537908,0.7028191028171591,1.3825256042403122,5.702154628608078,0.8398600274439652,0.8053873065354183,0.6962691175554148,0.5088747199724282,0.0,93.66666666666667,-0.026706789824773806,0.516746255617734
raw_trim,300,4.246666666666667,0.9391995928125999,1.0,6.0,4.221583660537908,0.7028191028171591,1.3825256042403122,5.702154628608078,0.8398600274439652,0.8053873065354183,0.6962691175554148,0.5088747199724282,0.0,93.66666666666667,-0.026706789824773806,0.516746255617734
raw_trim_round,300,4.246666666666667,0.9391995928125999,1.0,6.0,4.213333333333333,0.7723193290617316,1.0,6.0,0.7940370822085518,0.7784943644144422,0.6284313229867045,0.5088747199724282,68.33333333333333,99.66666666666667,-0.03549121356996282,0.5715476066494082
scale,300,4.246666666666667,0.9391995928125999,1.0,6.0,4.212342521036876,0.8867044379566015,0.6304743446528982,6.080289540170558,0.8398600274439652,0.8378790871746452,0.6931574498709825,0.5009059463020918,0.0,94.33333333333334,-0.036546167494601385,0.5193864963846864
scale_trim,300,4.246666666666667,0.9391995928125999,1.0,6.0,4.212342521036876,0.8867044379566015,0.6304743446528982,6.080289540170558,0.8398600274439652,0.8378790871746452,0.6931574498709825,0.5009059463020918,0.0,94.33333333333334,-0.036546167494601385,0.5193864963846864
scale_trim_round,300,4.246666666666667,0.9391995928125999,1.0,6.0,4.206666666666667,0.9202054930214474,1.0,6.0,0.7999089910248992,0.7990001546152657,0.605682220312421,0.5009059463020918,66.33333333333333,99.66666666666667,-0.04258945628395444,0.5887840577551898
