,score,human,sys_raw,difference
1.0,1.0,1.0,0.33333333333333337,-0.6666666666666666
2.0,2.0,3.0,3.3333333333333335,0.3333333333333335
3.0,3.0,12.0,8.666666666666668,-3.333333333333332
4.0,4.0,46.0,50.66666666666667,4.666666666666671
5.0,5.0,30.333333333333336,36.333333333333336,6.0
6.0,6.0,7.666666666666666,0.6666666666666667,-6.999999999999999
