feature,coefficient
Intercept,3.4063018242122625
%MISSPELLED,0.1661496249281022
AVG_WLEN,0.18989157298785558
LOGTYPES,0.3130848846145438
LOGWORDS,0.33391187833891756
