,mean,std. dev.,min,max,skewness,kurtosis,Correlation,p,N
%MISSPELLED,0.026236721356583417,0.025611839322403677,0.0,0.2580645161290322,2.4178061576517655,13.377799290325784,-0.4542110134818548,1.9657450108946033e-62,1206
AVG_WLEN,4.270754989454792,0.25258320052348876,3.2452830188679247,5.113636363636363,-0.028903553072313126,3.2806960041169635,0.2962318790745282,7.478875028182209e-26,1206
LOGTYPES,2.1718198948459975,0.15684656730614285,1.3424226808222062,2.57403126772772,-1.1100054379076403,5.914001722824467,0.7176224730928764,2.1454786925976092e-191,1206
LOGWORDS,2.580298185320421,0.21225396724652262,1.5314789170422551,3.066698550422996,-1.2649376865500224,6.037837246711932,0.7099608872775387,1.4671713318484942e-185,1206
