,%MISSPELLED,AVG_WLEN,LOGTYPES,LOGWORDS,sc1
%MISSPELLED,1.0,0.1800655726840912,0.38093758605666267,0.4225227861499599,0.4562787447926907
AVG_WLEN,0.1800655726840912,1.0,0.16502348827059488,0.08243612549402067,0.29613671733724894
LOGTYPES,0.38093758605666267,0.16502348827059488,1.0,0.9507611863586914,0.718234843002247
LOGWORDS,0.4225227861499599,0.08243612549402067,0.9507611863586914,1.0,0.7105613103968358
sc1,0.4562787447926907,0.29613671733724894,0.718234843002247,0.7105613103968358,1.0
