N responses,N features,R2,R2_adjusted
1206,4,0.5884835270233078,0.5871129475962413
