trim_min,trim_max,trim_tolerance,h1_mean,h1_sd,train_predictions_mean,train_predictions_sd
1.0,6.0,0.4998,3.406301824212272,0.7745495846193541,3.406301824212262,0.5941777441616748
