feature,coefficient
Intercept,3.4063018242122625
%MISSPELLED,0.12745783006468778
AVG_WLEN,0.1456709147015876
LOGTYPES,0.2401758056107019
LOGWORDS,0.25615275065664017
