,N,h_mean,h_sd,sys_mean.raw_trim,sys_sd.raw_trim,wtkappa.raw_trim,corr.raw_trim,SMD.raw_trim,RMSE.raw_trim,R2.raw_trim,sys_mean.raw_trim_round,sys_sd.raw_trim_round,kappa.raw_trim_round,exact_agr.raw_trim_round,adj_agr.raw_trim_round,SMD.raw_trim_round
0,594,3.4343434343434343,0.7747483886172869,3.4078023112951357,0.6044313043741288,0.743597351324683,0.7671887903493868,-0.03425773249514878,0.4973319931979886,0.5872346958279171,3.3956228956228958,0.6748038494946377,0.47237170976475207,68.35016835016835,99.15824915824916,-0.04997821136439408
