,N,N raters,N single,N multiple,Variance of errors,True score var,MSE true,PRMSE true
raw,594,2,0,594,0.12289562289562289,0.4782322948427501,0.11979873445890879,0.7494967701871735
scale,594,2,0,594,0.12289562289562289,0.4782322948427501,0.1554338409772628,0.674982550000368
raw_trim,594,2,0,594,0.12289562289562289,0.4782322948427501,0.11979873445890879,0.7494967701871735
raw_trim_round,594,2,0,594,0.12289562289562289,0.4782322948427501,0.20202020202020202,0.5775688839946929
scale_trim,594,2,0,594,0.12289562289562289,0.4782322948427501,0.15380144788608363,0.6783959394949355
scale_trim_round,594,2,0,594,0.12289562289562289,0.4782322948427501,0.21043771043771045,0.5599675874944716
