,score,human,sys_raw,difference
1.0,1.0,1.3468013468013467,1.3468013468013467,0.0
2.0,2.0,8.24915824915825,6.397306397306397,-1.851851851851852
3.0,3.0,41.07744107744108,43.93939393939394,2.861952861952858
4.0,4.0,44.612794612794616,47.97979797979798,3.3670033670033632
5.0,5.0,4.377104377104377,0.33670033670033667,-4.040404040404041
6.0,6.0,0.33670033670033667,0.0,-0.33670033670033667
