,N,h_mean,h_sd,h_min,h_max,sys_mean,sys_sd,sys_min,sys_max,corr,wtkappa,R2,kappa,exact_agr,adj_agr,SMD,RMSE
raw,594,3.4343434343434343,0.7747483886172869,1.0,6.0,3.4078023112951357,0.6044313043741288,0.8260882983017024,4.716754668306958,0.7671887903493868,0.743597351324683,0.5872346958279171,0.47237170976475207,0.0,96.8013468013468,-0.03425773249514878,0.4973319931979886
raw_trim,594,3.4343434343434343,0.7747483886172869,1.0,6.0,3.4078023112951357,0.6044313043741288,0.8260882983017024,4.716754668306958,0.7671887903493868,0.743597351324683,0.5872346958279171,0.47237170976475207,0.0,96.8013468013468,-0.03425773249514878,0.4973319931979886
raw_trim_round,594,3.4343434343434343,0.7747483886172869,1.0,6.0,3.3956228956228958,0.6748038494946377,1.0,5.0,0.6835937175652653,0.676163006171546,0.42967818831942794,0.47237170976475207,68.35016835016835,99.15824915824916,-0.04997821136439408,0.584594596067088
scale,594,3.4343434343434343,0.7747483886172869,1.0,6.0,3.4082578073472622,0.7879157715582994,0.042824591413943125,5.114562889238995,0.7671887903493866,0.7666518977016008,0.525039585763589,0.45922261737652426,0.0,94.94949494949495,-0.033669804777171186,0.5334865972783279
scale_trim,594,3.4343434343434343,0.7747483886172869,1.0,6.0,3.409192620503517,0.7842163633433068,0.5002,5.114562889238995,0.7673277913979053,0.7668713363642483,0.5277637615998989,0.4618479299255931,0.0,94.94949494949495,-0.032463202517664526,0.5319544683376854
scale_trim_round,594,3.4343434343434343,0.7747483886172869,1.0,6.0,3.409090909090909,0.8351378081905547,1.0,5.0,0.7283458626779686,0.7259416696186101,0.4072024518985188,0.4618479299255931,65.993265993266,99.4949494949495,-0.032594485672430895,0.5960023953130182
