,%MISSPELLED,AVG_WLEN,LOGTYPES,LOGWORDS
All data,0.4562787447926911,0.29613671733724856,0.7182348430022469,0.7105613103968369
