,%MISSPELLED,AVG_WLEN,LOGTYPES,LOGWORDS
All data,0.2219742221262048,0.2654765794377974,0.1412246999146613,0.14832391517059856
