feature,coefficient
Intercept,4.256903765690379
%FUNC,-0.06729780756152588
%MISSPELLED,0.043886833616338515
AVG_WLEN,0.18620866610847178
LOGTYPES,0.3568688643432528
LOGWORDS,0.4424642995617152
