,score,human,sys_raw,difference
1.0,1.0,1.0,0.6666666666666667,-0.33333333333333326
2.0,2.0,3.0,2.666666666666667,-0.33333333333333304
3.0,3.0,12.0,8.333333333333332,-3.666666666666668
4.0,4.0,46.0,51.66666666666667,5.666666666666671
5.0,5.0,30.333333333333336,36.0,5.666666666666664
6.0,6.0,7.666666666666666,0.6666666666666667,-6.999999999999999
