,N,N raters,N single,N multiple,Variance of errors,True score var,MSE true,PRMSE true
raw,300,2,0,300,0.185,0.6168952062430324,0.06925200516119712,0.8877410547847335
scale,300,2,0,300,0.185,0.6168952062430324,0.09075068561959744,0.8528912452209181
raw_trim,300,2,0,300,0.185,0.6168952062430324,0.06925200516119712,0.8877410547847335
raw_trim_round,300,2,0,300,0.185,0.6168952062430324,0.15,0.7568468704538678
scale_trim,300,2,0,300,0.185,0.6168952062430324,0.09058679204045016,0.8531569201321325
scale_trim_round,300,2,0,300,0.185,0.6168952062430324,0.18,0.7082162445446414
