,%FUNC,%MISSPELLED,AVG_WLEN,LOGTYPES,LOGWORDS
All data,-0.0728620095253363,0.06574032864765611,0.19821456417920655,0.17447180120065636,0.21532933341794822
