feature,coefficient
Intercept,4.256903765690379
%FUNC,-0.05342526408318592
%MISSPELLED,0.034840149489032836
AVG_WLEN,0.14782423858797894
LOGTYPES,0.2833051181225233
LOGWORDS,0.3512561985003028
