,N,N raters,N single,N multiple,Variance of errors,True score var,MSE true,PRMSE true
raw,594,2,0,594,0.12289562289562289,0.4782322948427501,0.7783877553896972,-0.6276352805609724
scale,594,2,0,594,0.12289562289562289,0.4782322948427501,0.8730063766610903,-0.8254860369648347
raw_trim,594,2,0,594,0.12289562289562289,0.4782322948427501,0.7783877553896972,-0.6276352805609724
raw_trim_round,594,2,0,594,0.12289562289562289,0.4782322948427501,0.8063973063973064,-0.6862042047211845
scale_trim,594,2,0,594,0.12289562289562289,0.4782322948427501,0.8729926380516984,-0.8254573090651507
scale_trim_round,594,2,0,594,0.12289562289562289,0.4782322948427501,0.9208754208754208,-0.9255818371241917
