,N,h_mean,h_sd,h_min,h_max,sys_mean,sys_sd,sys_min,sys_max,corr,wtkappa,R2,kappa,exact_agr,adj_agr,SMD,RMSE
raw,594,3.4343434343434343,0.7747483886172869,1.0,6.0,4.2155192077622905,0.7682374841183867,1.2771131829499915,5.972665956137147,0.7584648434098635,0.5011201972319856,-0.4974567144551927,0.036751677002911376,0.0,66.4983164983165,1.0082960931523077,0.9472659891488117
raw_trim,594,3.4343434343434343,0.7747483886172869,1.0,6.0,4.2155192077622905,0.7682374841183867,1.2771131829499915,5.972665956137147,0.7584648434098635,0.5011201972319856,-0.4974567144551927,0.036751677002911376,0.0,66.4983164983165,1.0082960931523077,0.9472659891488117
raw_trim_round,594,3.4343434343434343,0.7747483886172869,1.0,6.0,4.19023569023569,0.8083703830721872,1.0,6.0,0.7133253417319998,0.4893051370789457,-0.5536352800953515,0.036751677002911376,30.976430976430976,92.25589225589226,0.9756616044614383,0.9648711991641324
scale,594,3.4343434343434343,0.7747483886172869,1.0,6.0,4.204691367036702,0.9692388608133836,0.49748185569063574,6.421577353316353,0.7584648434098638,0.5337563546249725,-0.6576981572222194,0.06489736678415925,0.0,62.2895622895623,0.9943201483363227,0.9966611578984672
scale_trim,594,3.4343434343434343,0.7747483886172869,1.0,6.0,4.204695943037223,0.9692213349637587,0.5002,6.421577353316353,0.7584698026475589,0.5337569238110054,-0.6576752299089808,0.0648686423431658,0.0,62.2895622895623,0.9943260547707057,0.9966542655575812
scale_trim_round,594,3.4343434343434343,0.7747483886172869,1.0,6.0,4.191919191919192,0.9907848696247106,1.0,6.0,0.7238368806686584,0.515234800739231,-0.7418695726204663,0.0648686423431658,30.976430976430976,89.05723905723906,0.9778345701729337,1.0216511360396188
