,N,h_mean,h_sd,sys_mean.raw_trim,sys_sd.raw_trim,wtkappa.raw_trim,corr.raw_trim,SMD.raw_trim,RMSE.raw_trim,R2.raw_trim,sys_mean.raw_trim_round,sys_sd.raw_trim_round,kappa.raw_trim_round,exact_agr.raw_trim_round,adj_agr.raw_trim_round,SMD.raw_trim_round
0,594,3.4343434343434343,0.7747483886172869,4.2155192077622905,0.7682374841183867,0.5011201972319856,0.7584648434098635,1.0082960931523077,0.9472659891488117,-0.4974567144551927,4.19023569023569,0.8083703830721872,0.036751677002911376,30.976430976430976,92.25589225589226,0.9756616044614383
