,%MISSPELLED,AVG_WLEN,LOGTYPES,LOGWORDS
All data,0.0748328559247924,0.2023831841718518,0.1656333345781234,0.2275562027591321
