,score,human,sys_raw,difference
1.0,1.0,1.3468013468013467,0.6734006734006733,-0.6734006734006733
2.0,2.0,8.24915824915825,2.861952861952862,-5.3872053872053876
3.0,3.0,41.07744107744108,10.774410774410773,-30.303030303030305
4.0,4.0,44.612794612794616,49.66329966329967,5.050505050505052
5.0,5.0,4.377104377104377,34.51178451178451,30.134680134680135
6.0,6.0,0.33670033670033667,1.5151515151515151,1.1784511784511784
