N responses,N features,R2,R2_adjusted
1195,25,0.8394187236076086,0.8359845645744095
