,N,N raters,N single,N multiple,Variance of errors,True score var,MSE true,PRMSE true
raw,300,2,0,300,0.185,0.6168952062430324,0.023101385136609923,0.962552172714552
scale,300,2,0,300,0.185,0.6168952062430324,0.03499816416173881,0.9432672457046928
raw_trim,300,2,0,300,0.185,0.6168952062430324,0.023101385136609923,0.962552172714552
raw_trim_round,300,2,0,300,0.185,0.6168952062430324,0.056666666666666664,0.90814215106035
scale_trim,300,2,0,300,0.185,0.6168952062430324,0.03499816416173881,0.9432672457046928
scale_trim_round,300,2,0,300,0.185,0.6168952062430324,0.05,0.918948956817956
