,N,h_mean,h_sd,h_min,h_max,sys_mean,sys_sd,sys_min,sys_max,corr,wtkappa,R2,kappa,exact_agr,adj_agr,SMD,RMSE
raw,300,4.246666666666667,0.9391995928125999,1.0,6.0,4.268078518486953,0.8147812023565651,1.6129023488026855,5.405211742445812,0.9297911232283171,0.9202072000260146,0.8601132518438681,0.7512953367875648,0.0,99.0,0.02279797817646443,0.35068819739201973
raw_trim,300,4.246666666666667,0.9391995928125999,1.0,6.0,4.268078518486953,0.8147812023565651,1.6129023488026855,5.405211742445812,0.9297911232283171,0.9202072000260146,0.8601132518438681,0.7512953367875648,0.0,99.0,0.02279797817646443,0.35068819739201973
raw_trim_round,300,4.246666666666667,0.9391995928125999,1.0,6.0,4.226666666666667,0.7419279474131779,2.0,5.0,0.9130206143780637,0.8879691292711754,0.8180071786057328,0.7512953367875648,84.0,100.0,-0.021294728141977692,0.4
scale,300,4.246666666666667,0.9391995928125999,1.0,6.0,4.269100641409391,0.8893069264477371,1.3710630433281192,5.5102442139852235,0.9297911232283171,0.9281274985688758,0.8636471277872544,0.7548852726901342,0.0,99.0,0.02388626966451478,0.34623024871000513
scale_trim,300,4.246666666666667,0.9391995928125999,1.0,6.0,4.269100641409391,0.8893069264477371,1.3710630433281192,5.5102442139852235,0.9297911232283171,0.9281274985688758,0.8636471277872544,0.7548852726901342,0.0,99.0,0.02388626966451478,0.34623024871000513
scale_trim_round,300,4.246666666666667,0.9391995928125999,1.0,6.0,4.193333333333333,0.8071309829478339,1.0,6.0,0.9075010025891079,0.8955128577233445,0.8180071786057328,0.7548852726901342,84.0,100.0,-0.05678594171193957,0.4
