,N,h_mean,h_sd,h_min,h_max,sys_mean,sys_sd,sys_min,sys_max,corr,wtkappa,R2,kappa,exact_agr,adj_agr,SMD,RMSE
raw,288,4.291666666666667,0.7775150266874196,2.0,6.0,4.272615481569762,0.5582187908644595,2.741804105278306,5.668014890374398,0.7292672463314074,0.6907112147891425,0.5311002189708203,0.4196055851446667,0.0,93.75,-0.024502658396291184,0.5314880578011957
raw_trim,288,4.291666666666667,0.7775150266874196,2.0,6.0,4.272615481569762,0.5582187908644595,2.741804105278306,5.668014890374398,0.7292672463314074,0.6907112147891425,0.5311002189708203,0.4196055851446667,0.0,93.75,-0.024502658396291184,0.5314880578011957
raw_trim_round,288,4.291666666666667,0.7775150266874196,2.0,6.0,4.246527777777778,0.6120068313303737,3.0,6.0,0.6611510802023162,0.6413139982243274,0.41786743515850144,0.4196055851446667,65.97222222222221,99.65277777777779,-0.05805532670050407,0.5921946001479956
scale,288,4.291666666666667,0.7775150266874196,2.0,6.0,4.276726289213599,0.7042709528330133,2.3453939796744634,6.037217493208345,0.7292672463314074,0.7255646417588437,0.5002973597045831,0.36972983441464113,0.0,93.75,-0.019215548176247006,0.5486676035686324
scale_trim,288,4.291666666666667,0.7775150266874196,2.0,6.0,4.276726289213599,0.7042709528330133,2.3453939796744634,6.037217493208345,0.7292672463314074,0.7255646417588437,0.5002973597045831,0.36972983441464113,0.0,93.75,-0.019215548176247006,0.5486676035686324
scale_trim_round,288,4.291666666666667,0.7775150266874196,2.0,6.0,4.302083333333333,0.7483285672746319,2.0,6.0,0.6265452739508176,0.6260284218399387,0.27953890489913547,0.36972983441464113,60.763888888888886,98.61111111111111,0.01339738308473083,0.6588078458684123
