,corr,kappa,wtkappa,exact_agr,adj_agr,SMD
raw,0.029927563549427605,-0.055068190637569736,-0.0070217826919688475,-68.40277777777779,-5.208333333333343,0.021257429721945047
raw_trim,0.029927563549427605,-0.055068190637569736,-0.0070217826919688475,-68.40277777777779,-5.208333333333343,0.021257429721945047
raw_trim_round,-0.03818860257966361,-0.055068190637569736,-0.05641899925678395,-2.4305555555555713,0.6944444444444429,-0.012295238582267838
scale,0.029927563549427605,-0.10494394136759533,0.027831644277732326,-68.40277777777779,-5.208333333333343,0.026544539941989225
scale_trim,0.029927563549427605,-0.10494394136759533,0.027831644277732326,-68.40277777777779,-5.208333333333343,0.026544539941989225
scale_trim_round,-0.07279440883116217,-0.10494394136759533,-0.07170457564117272,-7.6388888888889,-0.34722222222222854,0.05915747120296706
