,score,human,sys_raw,difference
2.0,2.0,0.3472222222222222,0.0,-0.3472222222222222
3.0,3.0,11.458333333333332,8.680555555555555,-2.777777777777777
4.0,4.0,54.166666666666664,58.68055555555556,4.513888888888893
5.0,5.0,26.73611111111111,31.944444444444443,5.208333333333332
6.0,6.0,7.291666666666667,0.6944444444444444,-6.597222222222222
