feature,standardized,relative
%MISSPELLED,0.04748661493776738,0.05021290762559578
AVG_WLEN,0.13439595530007037,0.1421118708415019
LOGTYPES,0.3203000620046826,0.338689069477604
LOGWORDS,0.44352270893874435,0.46898615205529826
