N responses,N features,R2,R2_adjusted
1195,4,0.6282454475134569,0.6269958523790484
