feature,coefficient
Intercept,4.256903765690379
%MISSPELLED,0.049834340281646516
AVG_WLEN,0.14104045482454322
LOGTYPES,0.3361356100680671
LOGWORDS,0.46545035119595785
