,N,N raters,N single,N multiple,Variance of errors,True score var,MSE true,PRMSE true
raw,288,2,0,288,0.1736111111111111,0.4021486643437862,0.09212602405881858,0.7709155040732337
scale,288,2,0,288,0.1736111111111111,0.4021486643437862,0.11396141135167731,0.7166186998590782
raw_trim,288,2,0,288,0.1736111111111111,0.4021486643437862,0.09212602405881858,0.7709155040732337
raw_trim_round,288,2,0,288,0.1736111111111111,0.4021486643437862,0.1527777777777778,0.6200962695547532
scale_trim,288,2,0,288,0.1736111111111111,0.4021486643437862,0.11396141135167731,0.7166186998590782
scale_trim_round,288,2,0,288,0.1736111111111111,0.4021486643437862,0.2152777777777778,0.46468110709987953
