,N,h_mean,h_sd,sys_mean.raw_trim,sys_sd.raw_trim,wtkappa.raw_trim,corr.raw_trim,SMD.raw_trim,RMSE.raw_trim,R2.raw_trim,sys_mean.raw_trim_round,sys_sd.raw_trim_round,kappa.raw_trim_round,exact_agr.raw_trim_round,adj_agr.raw_trim_round,SMD.raw_trim_round
0,288,4.291666666666667,0.7775150266874196,4.272615481569762,0.5582187908644595,0.6907112147891425,0.7292672463314074,-0.024502658396291184,0.5314880578011957,0.5311002189708203,4.246527777777778,0.6120068313303737,0.4196055851446667,65.97222222222221,99.65277777777779,-0.05805532670050407
