feature,coefficient
Intercept,4.256903765690379
%MISSPELLED,0.03949966282670849
AVG_WLEN,0.11179139482953745
LOGTYPES,0.26642759163059465
LOGWORDS,0.3689249587916075
