,corr_HM,corr_HH,sqrt_HH,corr_disattenuated
raw,0.7292672463314074,0.6993396827819798,0.8362653184139468,0.8720524817584556
raw_trim,0.7292672463314074,0.6993396827819798,0.8362653184139468,0.8720524817584556
raw_trim_round,0.6611510802023162,0.6993396827819798,0.8362653184139468,0.7905996645373854
scale,0.7292672463314074,0.6993396827819798,0.8362653184139468,0.8720524817584556
scale_trim,0.7292672463314074,0.6993396827819798,0.8362653184139468,0.8720524817584556
scale_trim_round,0.6265452739508176,0.6993396827819798,0.8362653184139468,0.7492182925140525
