N responses,N features,R2,R2_adjusted
1195,24,0.6398323100423657,0.6324442548637477
