,N,h_mean,h_sd,sys_mean.raw_trim,sys_sd.raw_trim,wtkappa.raw_trim,corr.raw_trim,SMD.raw_trim,RMSE.raw_trim,R2.raw_trim,sys_mean.raw_trim_round,sys_sd.raw_trim_round,kappa.raw_trim_round,exact_agr.raw_trim_round,adj_agr.raw_trim_round,SMD.raw_trim_round
0,300,4.246666666666667,0.9391995928125999,4.2193602928135325,0.7136964631726845,0.8115899391609904,0.8428279363000976,-0.029074090387284687,0.511303615165993,0.7026335268772654,4.206666666666667,0.7784442650579172,0.5092468230189069,68.33333333333333,99.66666666666667,-0.04258945628395444
