,N,h_mean,h_sd,h_min,h_max,sys_mean,sys_sd,sys_min,sys_max,corr,wtkappa,R2,kappa,exact_agr,adj_agr,SMD,RMSE
raw,300,4.246666666666667,0.9391995928125999,1.0,6.0,4.2193602928135325,0.7136964631726845,1.3905062636170245,5.881736515433076,0.8428279363000976,0.8115899391609904,0.7026335268772654,0.5092468230189069,0.0,94.0,-0.029074090387284687,0.511303615165993
raw_trim,300,4.246666666666667,0.9391995928125999,1.0,6.0,4.2193602928135325,0.7136964631726845,1.3905062636170245,5.881736515433076,0.8428279363000976,0.8115899391609904,0.7026335268772654,0.5092468230189069,0.0,94.0,-0.029074090387284687,0.511303615165993
raw_trim_round,300,4.246666666666667,0.9391995928125999,1.0,6.0,4.206666666666667,0.7784442650579172,1.0,6.0,0.7946207087611714,0.7799796443752617,0.6284313229867045,0.5092468230189069,68.33333333333333,99.66666666666667,-0.04258945628395444,0.5715476066494082
scale,300,4.246666666666667,0.9391995928125999,1.0,6.0,4.209968275277113,0.8922374766741298,0.6734373953713342,6.288210837331471,0.8428279363000974,0.8410430968667792,0.6973416739101577,0.499082477805882,0.0,95.33333333333334,-0.03907411339442147,0.5158330629351223
scale_trim,300,4.246666666666667,0.9391995928125999,1.0,6.0,4.209968275277113,0.8922374766741298,0.6734373953713342,6.288210837331471,0.8428279363000974,0.8410430968667792,0.6973416739101577,0.499082477805882,0.0,95.33333333333334,-0.03907411339442147,0.5158330629351223
scale_trim_round,300,4.246666666666667,0.9391995928125999,1.0,6.0,4.193333333333333,0.9267244915108854,1.0,6.0,0.8019159491712124,0.8005319148936193,0.605682220312421,0.499082477805882,66.33333333333333,99.66666666666667,-0.05678594171193957,0.5887840577551898
