,score,human,sys_raw,difference
1.0,1.0,1.0,0.33333333333333337,-0.6666666666666666
2.0,2.0,3.0,3.0,0.0
3.0,3.0,12.0,9.333333333333334,-2.666666666666666
4.0,4.0,46.0,52.0,6.0
5.0,5.0,30.333333333333336,33.666666666666664,3.3333333333333286
6.0,6.0,7.666666666666666,1.6666666666666667,-5.999999999999999
