,N,N raters,N single,N multiple,Variance of errors,True score var,MSE true,PRMSE true
raw,300,2,0,300,0.185,0.6168952062430324,0.06373283124600633,0.8966877508513202
scale,300,2,0,300,0.185,0.6168952062430324,0.08494978189713052,0.862294631183009
raw_trim,300,2,0,300,0.185,0.6168952062430324,0.06373283124600633,0.8966877508513202
raw_trim_round,300,2,0,300,0.185,0.6168952062430324,0.13666666666666666,0.7784604819690796
scale_trim,300,2,0,300,0.185,0.6168952062430324,0.08494978189713052,0.862294631183009
scale_trim_round,300,2,0,300,0.185,0.6168952062430324,0.17,0.7244264531810501
